CLASS,DESCRIPTION,CORES SATISFIED,DAYS/TIMES,ROOM,INSTRUCTOR,UNITS,SEATS REMAINING
ANTH 4 (59819),Vanished Peoples & Lost Civ,"American Studies (Pathway), Values Science Technology (Pathway), Science Technology & Society",MWF 09:15 AM - 10:20am,CASA 8,"Anderson, Nathan",4.00,19
ENGL 36 (59895),Intro to Latinx Literature,"American Studies (Pathway), Race Place & Soc Inequalities (Pathway), Diversity",MWF 10:30 AM - 11:35am,ALAM 101,"Medina, Cruz Nicholas",4.00,1
ENGL 129 (60509),Black Theater,"American Studies (Pathway), Justice and the Arts (Pathway), Diversity",MWF 01:00 PM - 2:05pm,LUCAS 309,"Griffin, Allia Ida",5.00,None
ENGL 137 (59902),Indigenous Literature,"American Studies (Pathway), Gender, Sexuality & the Body (Pathway), Race Place & Soc Inequalities (Pathway)",TR 12:10 PM - 1:50pm,GRAHAM 163,"Burnham, Michelle",5.00,12
ETHN 5 (58725),Intro Study of Race/Ethnic US,"American Studies (Pathway), Race Place & Soc Inequalities (Pathway), Diversity",MWF 11:45 AM - 12:50pm,LUCAS 309,"Griffin, Allia Ida",4.00,None
ETHN 21 (59948),Intro to Latinx Literature,"American Studies (Pathway), Race Place & Soc Inequalities (Pathway), Diversity",MWF 10:30 AM - 11:35am,ALAM 101,"Medina, Cruz Nicholas",4.00,1
ETHN 30 (58726),Intro to African Amer Studies,"American Studies (Pathway), Race Place & Soc Inequalities (Pathway), Diversity",TR 12:10 PM - 1:50pm,KENNA 308,"Hazard, Anthony Q",4.00,None
ETHN 40 (58733),Intro to Asian Amer Studies,"American Studies (Pathway), Race Place & Soc Inequalities (Pathway), Diversity",TR 03:50 PM - 5:30pm,OCONR 204,"Lai, James S",4.00,None
ETHN 111 (59950),Indigenous Literature,"American Studies (Pathway), Race Place & Soc Inequalities (Pathway)",TR 12:10 PM - 1:50pm,GRAHAM 163,"Burnham, Michelle",5.00,12
ETHN 132 (59954),The History of Hip Hop,"American Studies (Pathway), Justice and the Arts (Pathway), Race Place & Soc Inequalities (Pathway), Diversity",TR 12:10 PM - 1:50pm,MDF 119,"Zanfagna, Christina M",5.00,None
ETHN 136 (60510),Black Theater,"American Studies (Pathway), Justice and the Arts (Pathway), Diversity",MWF 01:00 PM - 2:05pm,LUCAS 309,"Griffin, Allia Ida",5.00,None
ETHN 137 (60762),AfricnAmericn PursuitofFreedom,"American Studies (Pathway), Democracy (Pathway), Race Place & Soc Inequalities (Pathway), Civic Engagement",MWF 01:00 PM - 2:05pm,ALMSC 302,"Odamtten, Harry Nii Koney",5.00,9
ETHN 141 (60119),Asian American Women,"American Studies (Pathway), Gender, Sexuality & the Body (Pathway), Law & Social Justice (Pathway), Race Place & Soc Inequalities (Pathway), Diversity",MWF 09:15 AM - 10:20am,KENNA 308,"Ninh, Thien-Huong",5.00,8
ETHN 142 (59955),Asian American Communities,"American Studies (Pathway), Race Place & Soc Inequalities (Pathway), Diversity",TR 12:10 PM - 1:50pm,OCONR 102,"Lai, James S",5.00,None
ETHN 166 (60120),Race & Religion in U.S.,"American Studies (Pathway), Race Place & Soc Inequalities (Pathway), Religion Theology & Culture 3",TR 08:30 AM - 10:10am,HEAFEY 225,"White, Bryson",5.00,None
ETHN 166 (60549),Race & Religion in U.S.,"American Studies (Pathway), Race Place & Soc Inequalities (Pathway), Religion Theology & Culture 3",TR 12:10 PM - 1:50pm,KENNA 214,"White, Bryson",5.00,None
ETHN 176 (60296),Race & Sex in Modern America,"American Studies (Pathway), Paradigm Shifts (Pathway), Diversity",TR 03:50 PM - 5:30pm,GRAHAM 164,"Gomez, Sonia",5.00,6
HIST 65 (59920),Parties and Presidents,"American Studies (Pathway), Democracy (Pathway), Leading People, Org & Soc Chng (Pathway), Paradigm Shifts (Pathway), Civic Engagement",W 06:00 PM - 9pm,OCONR 205,"Wigmore, Gregory Stephen",4.00,8
HIST 75 (59922),Natives&Newcomers in N America,"American Studies (Pathway), Paradigm Shifts (Pathway), Diversity",TR 02:00 PM - 3:40pm,ALMSC 301,"Wigmore, Gregory Stephen",4.00,None
HIST 96A (59923),US to 1877,"American Studies (Pathway), Democracy (Pathway), Civic Engagement, Diversity",TR 03:50 PM - 5:30pm,ALMSC 301,"Wigmore, Gregory Stephen",4.00,1
HIST 105 (60110),Race and Sex in Modern America,"American Studies (Pathway), Paradigm Shifts (Pathway), Diversity",TR 03:50 PM - 5:30pm,GRAHAM 164,"Gomez, Sonia",5.00,6
HIST 155 (59926),AfricnAmericn PursuitofFreedom,"American Studies (Pathway), Democracy (Pathway), Race Place & Soc Inequalities (Pathway), Civic Engagement",MWF 01:00 PM - 2:05pm,ALMSC 302,"Odamtten, Harry Nii Koney",5.00,9
HIST 165 (59927),Parties and Presidents,"American Studies (Pathway), Democracy (Pathway), Leading People, Org & Soc Chng (Pathway), Paradigm Shifts (Pathway), Civic Engagement",W 06:00 PM - 9pm,OCONR 205,"Wigmore, Gregory Stephen",5.00,8
HIST 175 (59928),Natives&Newcomers in N America,"American Studies (Pathway), Paradigm Shifts (Pathway), Diversity",TR 02:00 PM - 3:40pm,ALMSC 301,"Wigmore, Gregory Stephen",5.00,None
MUSC 132 (59958),The History of Hip Hop,"American Studies (Pathway), Justice and the Arts (Pathway), Race Place & Soc Inequalities (Pathway), Diversity",TR 12:10 PM - 1:50pm,MDF 119,"Zanfagna, Christina M",5.00,None
PHIL 33 (59785),Ethics and Race,"American Studies (Pathway), Applied Ethics (Pathway), Race Place & Soc Inequalities (Pathway), Ethics",MWF 01:00 PM - 2:05pm,KENNA 111,"Clardy, Justin",4.00,4
PHIL 33 (59023),Ethics and Race,"American Studies (Pathway), Applied Ethics (Pathway), Race Place & Soc Inequalities (Pathway), Ethics",MWF 10:30 AM - 11:35am,KENNA 304,"Clardy, Justin",4.00,1
POLI 1 (59102),Introduction to U.S. Politics,"American Studies (Pathway), Democracy (Pathway), Civic Engagement",MWF 01:00 PM - 2:05pm,KENNA 304,"Cheikhali, Sarah",4.00,23
POLI 1 (59091),Introduction to U.S. Politics,"American Studies (Pathway), Democracy (Pathway), Civic Engagement",MWF 09:15 AM - 10:20am,KENNA 105,"Harrigan, Matthew Thomas",4.00,15
POLI 1 (59092),Introduction to U.S. Politics,"American Studies (Pathway), Democracy (Pathway), Civic Engagement",MWF 10:30 AM - 11:35am,KENNA 105,"Harrigan, Matthew Thomas",4.00,None
POLI 170 (59984),Campaigns and Elections,"American Studies (Pathway), Democracy (Pathway)",TR 02:00 PM - 3:40pm,KENNA 105,"Baker, Anne Elizabeth",5.00,28
POLI 173 (59985),Sports & Politics in the U.S.,"American Studies (Pathway), Applied Ethics (Pathway)",MWF 02:15 PM - 3:20pm,VARI 129,"Harrigan, Matthew Thomas",5.00,None
RSOC 61 (59996),Nonreligion in America,"American Studies (Pathway), Religion Theology & Culture 2",MWF 10:30 AM - 11:35am,KENNA 308,"Drescher, Elizabeth",4.00,2
RSOC 61 (59997),Nonreligion in America,"American Studies (Pathway), Religion Theology & Culture 2",MWF 11:45 AM - 12:50pm,KENNA 308,"Drescher, Elizabeth",4.00,4
RSOC 111 (59999),Inventing Religion in America,"American Studies (Pathway), Religion Theology & Culture 3",TR 02:00 PM - 3:40pm,KENNA 212,"Bennett, James",5.00,None
RSOC 184 (59148),Race & Religion in U.S.,"American Studies (Pathway), Race Place & Soc Inequalities (Pathway), Religion Theology & Culture 3",TR 08:30 AM - 10:10am,HEAFEY 225,"White, Bryson",5.00,None
RSOC 184 (60488),Race & Religion in U.S.,"American Studies (Pathway), Race Place & Soc Inequalities (Pathway), Religion Theology & Culture 3",TR 12:10 PM - 1:50pm,KENNA 214,"White, Bryson",5.00,None
SOCI 33 (59199),Social Problems in the U.S.,"American Studies (Pathway), Feeding the World (Pathway), Law & Social Justice (Pathway), Race Place & Soc Inequalities (Pathway), Diversity",TR 03:50 PM - 5:30pm,DOWD 108,"King, Molly Mccarthy",4.00,None
SOCI 132 (59206),Inequality &the American Dream,"American Studies (Pathway), Democracy (Pathway), Race Place & Soc Inequalities (Pathway), Civic Engagement",TR 10:20 AM - 12pm,DOWD 108,"King, Molly Mccarthy",5.00,9
SOCI 150 (60489),Immigrant Businesses in the US,"American Studies (Pathway), Diversity",TR 03:50 PM - 5:30pm,KENNA 308,"Di, Di",5.00,4
SOCI 157 (60018),Sociology of Family,"American Studies (Pathway), Children, Family, & Society (Pathway), Democracy (Pathway), Gender, Sexuality & the Body (Pathway), Civic Engagement",MWF 10:30 AM - 11:35am,OCONR 103,"Chiaraluce, Cara Ann",5.00,None
TESP 65 (59189),U.S. Hispanic Theology,"American Studies (Pathway), Diversity, Religion Theology & Culture 2",MW 03:30 PM - 5:15pm,KENNA 218,"Olea, Vincent",4.00,None
THTR 161 (60508),Black Theater,"American Studies (Pathway), Justice and the Arts (Pathway), Diversity",MWF 01:00 PM - 2:05pm,LUCAS 309,"Griffin, Allia Ida",5.00,None
WGST 50 (59239),Intro:Women's & Gender Studies,"American Studies (Pathway), Gender, Sexuality & the Body (Pathway), Diversity",MW 03:30 PM - 5:15pm,ONLINE,"Sharangpani, Mukta H",4.00,None
WGST 111 (60026),Asian American Women,"American Studies (Pathway), Gender, Sexuality & the Body (Pathway), Law & Social Justice (Pathway), Race Place & Soc Inequalities (Pathway), Diversity",MWF 09:15 AM - 10:20am,KENNA 308,"Ninh, Thien-Huong",5.00,8
WGST 174A (60592),Race & Sex in Modern America,"American Studies (Pathway), Paradigm Shifts (Pathway), Diversity",TR 03:50 PM - 5:30pm,GRAHAM 164,"Gomez, Sonia",5.00,6
ELSJ 198 (59734),AppliedEthic Intern:Healthcare,"Applied Ethics (Pathway), Experiential Learning for Social Justice",M 05:15 PM - 7:15pm,DALY 206,"Caminiti, Dorothee",5.00,3
FNCE 180 (60145),Financial Planning & Analysis,"Applied Ethics (Pathway), Sustainability (Pathway)",TR 12:10 PM - 1:50pm,LUCAS 208,"Motey, Karl",5.00,1
MGMT 6 (59379),Business Ethics,"Applied Ethics (Pathway), Design Thinking (Pathway), Ethics, Partial Credit Civic Engagement",MW 05:25 PM - 7:10pm,VARI 129,"Frontczak, Deirdre Mary Sheen",4.00,None
MGMT 6 (59378),Business Ethics,"Applied Ethics (Pathway), Design Thinking (Pathway), Ethics, Partial Credit Civic Engagement",TR 08:30 AM - 10:10am,LUCAS 307,"Holzmeister, Angela Elizabeth",4.00,None
PHIL 22 (59017),Ethics in the Digital Age,"Applied Ethics (Pathway), Design Thinking (Pathway), The Digital Age (Pathway), Values Science Technology (Pathway), Ethics",MW 04:00 PM - 5:30pm,ONLINE,"Keyser, Vadim",4.00,None
PHIL 24 (59008),Ethics and Gender in Film,"Applied Ethics (Pathway), Cinema Studies (Pathway), Ethics",MWF 10:30 AM - 11:35am,KENNA 310,"Nelson, Lawrence J",4.00,17
PHIL 25 (59013),Ethics in Society,"Applied Ethics (Pathway), Law & Social Justice (Pathway), Ethics",MWF 09:15 AM - 10:20am,CASA 7,"Kulp, Christopher B",4.00,None
PHIL 26 (59010),Ethics in Business,"Applied Ethics (Pathway), Design Thinking (Pathway), Ethics, Partial Credit Civic Engagement",MWF 04:45 PM - 5:50pm,KENNA 104,"Shanklin III, Robert Elstone",4.00,None
PHIL 26 (59011),Ethics in Business,"Applied Ethics (Pathway), Design Thinking (Pathway), Ethics, Partial Credit Civic Engagement",TR 08:30 AM - 10:10am,KENNA 308,"Steele, Jeffrey Wayne",4.00,None
PHIL 26 (59009),Ethics in Business,"Applied Ethics (Pathway), Design Thinking (Pathway), Ethics, Partial Credit Civic Engagement",MWF 11:45 AM - 12:50pm,KENNA 104,"Shanklin III, Robert Elstone",4.00,None
PHIL 27 (59021),Ethics in Health Care,"Applied Ethics (Pathway), Values Science Technology (Pathway), Ethics",TR 03:50 PM - 5:30pm,CASA 7,"Buckley, Brian J",4.00,8
PHIL 27H (59964),Ethics in Health Care-Honors,"Applied Ethics (Pathway), Values Science Technology (Pathway), Ethics",TR 02:00 PM - 3:40pm,CASA 3,"Buckley, Brian J",4.00,5
PHIL 28 (59784),Ethics in Politics,"Applied Ethics (Pathway), Democracy (Pathway), Ethics",TR 02:00 PM - 3:40pm,CASA 7,"Rogers, Tristan",4.00,22
PHIL 28 (59016),Ethics in Politics,"Applied Ethics (Pathway), Democracy (Pathway), Ethics",TR 10:20 AM - 12pm,CASA 7,"Rogers, Tristan",4.00,11
PHIL 34 (59014),Ethics and Adulthood,"Applied Ethics (Pathway), Ethics",MWF 10:30 AM - 11:35am,CASA 7,"Kulp, Christopher B",4.00,None
PHIL 40 (59965),"Science, Technology, & Society","Applied Ethics (Pathway), Design Thinking (Pathway), Paradigm Shifts (Pathway), The Digital Age (Pathway), Values Science Technology (Pathway), Science Technology & Society",MWF 01:00 PM - 2:05pm,CASA 8,"Kennedy, Susan",4.00,None
PHIL 130 (59968),Ethics of AI,"Applied Ethics (Pathway), The Digital Age (Pathway), Ethics",MW 03:30 PM - 5:15pm,CASA 8,"Kennedy, Susan",5.00,None
POLI 30 (59086),Intro to Political Philosophy,"Applied Ethics (Pathway), Democracy (Pathway), Law & Social Justice (Pathway), Politics & Religion (Pathway)",MWF 02:15 PM - 3:20pm,KENNA 105,"Minowitz, Peter I",4.00,None
POLI 30 (59786),Intro to Political Philosophy,"Applied Ethics (Pathway), Democracy (Pathway), Law & Social Justice (Pathway), Politics & Religion (Pathway)",TR 08:30 AM - 10:10am,KENNA 105,"Meredith, Thomas",4.00,35
RSOC 135 (59145),Architects of Solidarity,"Applied Ethics (Pathway), Experiential Learning for Social Justice, Religion Theology & Culture 3",MW 03:30 PM - 6pm,KENNA 214,"Riley, Philip W",5.00,3
TESP 69 (60008),Chrstn Soc Eth & Contemp Iss,"Applied Ethics (Pathway), Religion Theology & Culture 2",TR 12:10 PM - 1:50pm,CASA 7,"Peterson-Iyer, Karen",4.00,5
TESP 119 (59174),"Theology, Sex & Relationships","Applied Ethics (Pathway), Religion Theology & Culture 3",TR 03:50 PM - 5:30pm,KENNA 109,"Peterson-Iyer, Karen",5.00,None
TESP 129 (59181),Religion and Peace,"Applied Ethics (Pathway), Justice and the Arts (Pathway), Leading People, Org & Soc Chng (Pathway), Vocation (Pathway), Experiential Learning for Social Justice, Religion Theology & Culture 3",TR 03:50 PM - 5:30pm,ALAM 102,"Gibson, Diana C",5.00,None
TESP 152 (60011),"Faith, Ethics & Biodiversity","Applied Ethics (Pathway), Beauty (Pathway), Design Thinking (Pathway), Sustainability (Pathway), Values Science Technology (Pathway), Religion Theology & Culture 3",MW 03:30 PM - 5:15pm,LUCAS 209,"Schutz, Paul James",5.00,None
TESP 157 (59194),Ethics in Health Professions,"Applied Ethics (Pathway), Values Science Technology (Pathway), Experiential Learning for Social Justice, Religion Theology & Culture 3",TR 08:30 AM - 10:10am,KENNA 304,"McLean, Margaret",5.00,None
ARTH 66 (59822),Fabricating Nature in EastAsia,"Beauty (Pathway), Design Thinking (Pathway), Sustainability (Pathway), Cultures and Ideas 3, Religion Theology & Culture 2",TR 12:10 PM - 1:50pm,DOWD 208,"Clydesdale, Heather D",4.00,None
ARTH 185 (59824),Post-Modern & Contemporary Art,"Beauty (Pathway), Diversity",MW 03:30 PM - 5:15pm,DOWD 208,"Gilman, Bridget",5.00,None
ARTS 43 (58403),Basic Painting,"Beauty (Pathway), Arts",MW 03:30 PM - 5:50pm,DOWD 320,"Eastburn, Jessica",4.00,None
ARTS 72 (59828),Digital Art and Design Basics,"Beauty (Pathway), Design Thinking (Pathway), Arts",MW 03:30 PM - 5:50pm,DOWD 302,"Martin, Michael",4.00,None
ARTS 74 (60140),Basic Digital Imaging,"Beauty (Pathway), Design Thinking (Pathway), The Digital Age (Pathway), Arts",TR 02:00 PM - 4:20pm,DOWD 302,"Heitmuller, Danielle",4.00,None
ARTS 74 (59759),Basic Digital Imaging,"Beauty (Pathway), Design Thinking (Pathway), The Digital Age (Pathway), Arts",TR 11:00 AM - 1:20pm,DOWD 304,"Karimi, Pantea",4.00,None
MUSC 8 (58886),Intro to Listening: Western,"Beauty (Pathway), Arts",MWF 08:00 AM - 9:05am,MDF 119,"Fister, Daniel",4.00,2
RSOC 66 (60586),Fabricating Nature in E Asia,"Beauty (Pathway), Design Thinking (Pathway), Sustainability (Pathway), Cultures and Ideas 3, Religion Theology & Culture 2",TR 12:10 PM - 1:50pm,DOWD 208,"Clydesdale, Heather D",4.00,None
THTR 30 (59221),Intro to Design,"Beauty (Pathway), Design Thinking (Pathway), Arts",TR 10:20 AM - 12pm,MAYER 231,"Kenyon, Heather",4.00,None
THTR 122 (59230),Act Styl II:Acting for Camera,"Beauty (Pathway), Cinema Studies (Pathway)",TR 10:20 AM - 12pm,MAYER RH,"Billingslea, Aldo L",5.00,8
CHST 75 (58567),Technology and Education,"Children, Family, & Society (Pathway), Design Thinking (Pathway), The Digital Age (Pathway), Values Science Technology (Pathway), Science Technology & Society",MWF 09:15 AM - 10:20am,GRAHAM 164,"Day, Elizabeth B",4.00,None
CHST 104 (59852),Advocacy for Children,"Children, Family, & Society (Pathway)",T 03:50 PM - 6:50pm,GRAHAM 163,"Woodyard, Savina",5.00,None
CHST 106 (58573),Urban Educ & Multiculturalism,"Children, Family, & Society (Pathway), Race Place & Soc Inequalities (Pathway), Sustainability (Pathway), Diversity, Experiential Learning for Social Justice",TR 02:00 PM - 3:40pm,GRAHAM 164,"Davila, Omar",5.00,None
CHST 109 (59853),"Children, Arts and Society","Children, Family, & Society (Pathway), Justice and the Arts (Pathway), Arts",MWF 01:00 PM - 2:05pm,DOWD 108,"Kusanovich, Kristin A",5.00,None
PSYC 172 (59991),Adolescent Development,"Children, Family, & Society (Pathway)",MWF 10:30 AM - 11:35am,ALMSC 220,"Miller, Romina Joy Sevilla",5.00,None
PSYC 178 (59141),Advanced Topics:Develop Psyc,"Children, Family, & Society (Pathway)",TR 12:10 PM - 1:50pm,DOWD 122,"Bhagwat, Jui",5.00,None
PSYC 185 (59992),Developmental Psychology,"Children, Family, & Society (Pathway)",MWF 11:45 AM - 12:50pm,ALMSC 220,"O'Brien, Barbara S",5.00,None
COMM 3 (59864),Digital Storytelling,"Cinema Studies (Pathway), The Digital Age (Pathway)",TR 03:50 PM - 5:30pm,KENNA 107,"Reese, Emily Ray",4.00,None
COMM 3 (59863),Digital Storytelling,"Cinema Studies (Pathway), The Digital Age (Pathway)",TR 12:10 PM - 1:50pm,KENNA 107,"Reese, Emily Ray",4.00,None
COMM 30 Lab (58602),Digital Filmmaking Lab,"Cinema Studies (Pathway), Design Thinking (Pathway), Arts",T 02:00 PM - 3:30pm,VARI 102,"Sieglitz, Michele",N/A,None
COMM 30 Lab (58598),Digital Filmmaking Lab,"Cinema Studies (Pathway), Design Thinking (Pathway), Arts",W 02:15 PM - 3:45pm,VARI 102,"Silva, Fernando A.",N/A,None
COMM 30 Lab (58599),Digital Filmmaking Lab,"Cinema Studies (Pathway), Design Thinking (Pathway), Arts",W 04:00 PM - 5:30pm,VARI 102,"Silva, Fernando A.",N/A,None
COMM 30 Lab (58595),Digital Filmmaking Lab,"Cinema Studies (Pathway), Design Thinking (Pathway), Arts",W 08:30 AM - 10am,VARI 102,"Sieglitz, Michele",N/A,None
COMM 30 (58593),Digital Filmmaking,"Cinema Studies (Pathway), Design Thinking (Pathway), Arts",TR 10:20 AM - 12pm,VARI 109,"Opper, Nicole Poppe",5.00,None
COMM 30 Lab (58596),Digital Filmmaking Lab,"Cinema Studies (Pathway), Design Thinking (Pathway), Arts",W 10:30 AM - 12pm,VARI 102,"Sieglitz, Michele",N/A,None
COMM 30 (58590),Digital Filmmaking,"Cinema Studies (Pathway), Design Thinking (Pathway), Arts",TR 12:10 PM - 1:50pm,VARI 109,"Rodriguez, Guillermo",5.00,None
COMM 30 Lab (58597),Digital Filmmaking Lab,"Cinema Studies (Pathway), Design Thinking (Pathway), Arts",W 12:15 PM - 1:45pm,VARI 102,"Silva, Fernando A.",N/A,None
COMM 131F (59872),Short Fiction Production,"Cinema Studies (Pathway), Arts",TR 02:00 PM - 3:40pm,VARI 109,"Opper, Nicole Poppe",5.00,None
COMM 131F Lab (59873),Short Fiction Production Lab,"Cinema Studies (Pathway), Arts",T 03:50 PM - 5:20pm,VARI 102,"Sieglitz, Michele",N/A,None
COMM 131F Lab (59874),Short Fiction Production Lab,"Cinema Studies (Pathway), Arts",R 03:50 PM - 5:20pm,VARI 102,"Sieglitz, Michele",N/A,None
COMM 131F Lab (59875),Short Fiction Production Lab,"Cinema Studies (Pathway), Arts",F 10:30 AM - 12pm,VARI 102,"Sieglitz, Michele",N/A,None
ENGL 122AW (58676),"Film, Gender, & Sexuality","Cinema Studies (Pathway), Gender, Sexuality & the Body (Pathway), Justice and the Arts (Pathway), Race Place & Soc Inequalities (Pathway), Advanced Writing, Diversity",TR 10:20 AM - 12pm,CASA 8,"Nanda, Aparajita",5.00,None
ITAL 187I (59939),Immigration in Ital Film & Lit,"Cinema Studies (Pathway), Civic Engagement",TR 02:00 PM - 3:40pm,OCONR 215,"Ferraro, Evelyn",5.00,4
RSOC 87 (60556),Buddhism in Film,"Cinema Studies (Pathway), Religion Theology & Culture 2",TR 07:30 PM - 9:10pm,KENNA 214,"Ninh, Thien-Huong",4.00,4
WGST 134AW (60129),"Film, Gender, & Sexuality","Cinema Studies (Pathway), Gender, Sexuality & the Body (Pathway), Justice and the Arts (Pathway), Race Place & Soc Inequalities (Pathway), Advanced Writing, Diversity",TR 10:20 AM - 12pm,CASA 8,"Nanda, Aparajita",5.00,None
CHST 4 (58566),Cultural Competence & Humility,"Democracy (Pathway), Civic Engagement, Diversity",MWF 04:45 PM - 5:50pm,DOWD 210,"Bookser, Brita",4.00,None
CLAS 114 (59856),The Democratic City,"Democracy (Pathway), Civic Engagement",MWF 02:15 PM - 3:20pm,WALSH MULP,"Lindberg, Nicholas",5.00,11
COMM 158 (59879),Community Organizing,"Democracy (Pathway), Civic Engagement",MWF 09:15 AM - 10:20am,VARI 133,"Raphael, Charles H",5.00,None
COMM 187 (59885),Media and Social Movements,"Democracy (Pathway), Race Place & Soc Inequalities (Pathway), Civic Engagement",MWF 02:15 PM - 3:20pm,ALMSC 301,"Sarkar, Sreela",5.00,None
ELSJ 50 (60102),Law & Social Justice,"Democracy (Pathway), Law & Social Justice (Pathway), Civic Engagement, Experiential Learning for Social Justice",MW 05:25 PM - 7:10pm,OCONR 210,"Tejada, Elizabeth",4.00,None
ENVS 22 (58708),Intro to Environmental Studies,"Democracy (Pathway), Feeding the World (Pathway), Sustainability (Pathway), Values Science Technology (Pathway), Civic Engagement",MWF 03:30 PM - 4:35pm,KENNA 306,"Trist, Carolyn",4.00,1
ENVS 22 (58712),Intro to Environmental Studies,"Democracy (Pathway), Feeding the World (Pathway), Sustainability (Pathway), Values Science Technology (Pathway), Civic Engagement",MWF 04:45 PM - 5:50pm,KENNA 306,"Trist, Carolyn",4.00,4
ENVS 122 (58711),Environmental Politics &Policy,"Democracy (Pathway), Design Thinking (Pathway), Sustainability (Pathway), Values Science Technology (Pathway), Civic Engagement",TR 10:20 AM - 12pm,KENNA 212,"Press, Daniel",5.00,None
HIST 43 (59918),The Haitian Revolution,"Democracy (Pathway), Gender, Globalization & Empire (Pathway), Human Rights (Pathway), Paradigm Shifts (Pathway), Civic Engagement, Cultures and Ideas 3",TR 10:20 AM - 12pm,OCONR 204,"Andrews, Naomi J",4.00,1
HIST 61 (58753),"Dictatorship,Revolution,Narcos","Democracy (Pathway), Race Place & Soc Inequalities (Pathway), Cultures and Ideas 3",MWF 10:30 AM - 11:35am,CASA 3,"Carrillo, Mateo Jesus",4.00,None
HIST 143 (59925),Haitian Revolution,"Democracy (Pathway), Gender, Globalization & Empire (Pathway), Human Rights (Pathway), Paradigm Shifts (Pathway), Civic Engagement, Cultures and Ideas 3",TR 10:20 AM - 12pm,OCONR 204,"Andrews, Naomi J",5.00,1
HIST 161 (58764),"Dictatorship,Revolution,Narcos","Democracy (Pathway), Race Place & Soc Inequalities (Pathway), Cultures and Ideas 3",MWF 10:30 AM - 11:35am,CASA 3,"Carrillo, Mateo Jesus",5.00,None
PHSC 172 (60133),Management Health Care Orgs,"Democracy (Pathway), Values Science Technology (Pathway), Civic Engagement",MWF 03:30 PM - 4:35pm,HEAFEY 129,"Yuter, Sheila M",5.00,2
POLI 2 (59085),Intro to Comparative Politics,"Democracy (Pathway), Cultures and Ideas 3, Social Science",MW 03:30 PM - 5:15pm,VARI 128,"Ro, Hyeon-Young",4.00,23
POLI 2 (59090),Intro to Comparative Politics,"Democracy (Pathway), Cultures and Ideas 3, Social Science",TR 08:30 AM - 10:10am,KENNA 111,"Mosinger, Eric",4.00,31
POLI 2 (59088),Intro to Comparative Politics,"Democracy (Pathway), Cultures and Ideas 3, Social Science",MWF 09:15 AM - 10:20am,KENNA 111,"Faulve-Montojo, Kenneth Wilfred",4.00,None
POLI 2 (59098),Intro to Comparative Politics,"Democracy (Pathway), Cultures and Ideas 3, Social Science",TR 10:20 AM - 12pm,KENNA 111,"Senzai, Farid D",4.00,3
POLI 116B (59087),Model UN:Internat Conflict Sim,"Democracy (Pathway), Civic Engagement",M 04:45 PM - 7:10pm,DOWD 108,"Faulve-Montojo, Kenneth Wilfred",2.00,7
POLI 119 (59106),European Union,"Democracy (Pathway), Civic Engagement",MWF 09:15 AM - 10:20am,VARI 128,"Morlang, Diana",5.00,None
POLI 157 (59100),Environmental Politics &Policy,"Democracy (Pathway), Design Thinking (Pathway), Sustainability (Pathway), Values Science Technology (Pathway), Civic Engagement",TR 10:20 AM - 12pm,KENNA 212,"Press, Daniel",5.00,None
SOCI 30 (60013),"Self, Community, and Society","Democracy (Pathway), Civic Engagement, Experiential Learning for Social Justice",TR 08:30 AM - 10:10am,OCONR 204,"Nichols, Laura Ann",4.00,None
SOCI 122 (60016),Applied  Capstone,"Democracy (Pathway), Vocation (Pathway), Advanced Writing, Civic Engagement",WF 03:30 PM - 5:15pm,MDF 119,"Chiaraluce, Cara Ann",5.00,24
SOCI 161 (59200),The Criminal Justice Systems,"Democracy (Pathway), Law & Social Justice (Pathway), Civic Engagement",TR 05:40 PM - 7:20pm,ALAM 101,"Lopez-Aguado, Patrick Anthony",5.00,21
SOCI 172 (59202),Mgmt Health Care Organization,"Democracy (Pathway), Values Science Technology (Pathway), Civic Engagement",MWF 03:30 PM - 4:35pm,HEAFEY 129,"Yuter, Sheila M",5.00,7
WGST 76 (60025),Violence Against Women,"Democracy (Pathway), Gender, Sexuality & the Body (Pathway), Civic Engagement",TR 05:40 PM - 7:20pm,KENNA 107,"Raza, Mirelle",4.00,11
WGST 101 (59238),Feminist Theory,"Democracy (Pathway), Gender, Globalization & Empire (Pathway), Gender, Sexuality & the Body (Pathway), Civic Engagement, Diversity",MW 03:30 PM - 5:15pm,OCONR 201,"Perez, Emily",5.00,3
ANTH 50 (60114),World Geography,"Design Thinking (Pathway), Feeding the World (Pathway), Sustainability (Pathway), Cultures and Ideas 3",MWF 10:30 AM - 11:35am,ALAM 102,"Gray, Leslie",4.00,None
ARTH 167 (58401),"Cityscapes, Past and Present","Design Thinking (Pathway), Politics & Religion (Pathway), Sustainability (Pathway)",TR 03:50 PM - 5:30pm,DOWD 208,"Clydesdale, Heather D",5.00,7
ARTS 74 (58410),Basic Digital Imaging,"Design Thinking (Pathway), The Digital Age (Pathway), Arts",MW 06:00 PM - 8:20pm,DOWD 302,"Martin, Michael",4.00,None
ARTS 175 (58421),Graphic Design II,"Design Thinking (Pathway), Arts",MW 01:00 PM - 3:20pm,DOWD 302,"Li, Qiuwen",5.00,None
ARTS 177 (60757),Website Graphic Design,"Design Thinking (Pathway), The Digital Age (Pathway)",MW 03:30 PM - 5:50pm,DOWD 310,"Li, Qiuwen",5.00,None
ARTS 177 (58412),Website Graphic Design,"Design Thinking (Pathway), The Digital Age (Pathway)",MW 10:30 AM - 12:50pm,DOWD 302,"Li, Qiuwen",5.00,None
BIOE 196 (59478),Design Project III,"Design Thinking (Pathway), Partial Credit Arts, Partial Credit Civic Engagement",F 02:15 PM - 3:15pm,ALAM 102,"Araci, Ismail Emre",2.00,7
BIOL 18 Lab (58469),Exploring Biotechnology L+L Lab,"Design Thinking (Pathway), Values Science Technology (Pathway)",W 01:00 PM - 2:30pm,SCDI 3303,"Chartrand, Michelle McCully",N/A,2
BIOL 18 Lab (58468),Exploring Biotechnology L+L Lab,"Design Thinking (Pathway), Values Science Technology (Pathway)",M 02:00 PM - 3:30pm,SCDI 3303,"Chartrand, Michelle McCully",N/A,6
BIOL 18 Lab (58470),Exploring Biotechnology L+L Lab,"Design Thinking (Pathway), Values Science Technology (Pathway)",W 02:50 PM - 4:20pm,SCDI 3303,"Chartrand, Michelle McCully",N/A,5
BIOL 18 (58466),Exploring Biotechnology L+L,"Design Thinking (Pathway), Values Science Technology (Pathway)",MWF 09:15 AM - 10:20am,SCDI 3116,"Chartrand, Michelle McCully",4.00,12
BIOL 18 Lab (58467),Exploring Biotechnology L+L Lab,"Design Thinking (Pathway), Values Science Technology (Pathway)",M 12:10 PM - 1:40pm,SCDI 3303,"Chartrand, Michelle McCully",N/A,None
COEN 21 (59600),Introduction to Logic Design,"Design Thinking (Pathway), The Digital Age (Pathway)",TR 12:10 PM - 1:50pm,SCDI 3302,"Kyrarini, Maria",4.00,1
COEN 21L (59547),Logic Design Lab,"Design Thinking (Pathway), The Digital Age (Pathway)",T 02:15 PM - 5pm,SCDI 4001,"Yang, Hoeseok",1.00,None
COEN 21L (59571),Logic Design Lab,"Design Thinking (Pathway), The Digital Age (Pathway)",W 02:15 PM - 5pm,SCDI 4001,"Yang, Hoeseok",1.00,None
COEN 21L (59602),Logic Design Lab,"Design Thinking (Pathway), The Digital Age (Pathway)",R 02:15 PM - 5pm,SCDI 4001,"Yang, Hoeseok",1.00,None
COEN 21L (59605),Logic Design Lab,"Design Thinking (Pathway), The Digital Age (Pathway)",F 02:15 PM - 5pm,SCDI 4001,"Yang, Hoeseok",1.00,1
COEN 21L (59570),Logic Design Lab,"Design Thinking (Pathway), The Digital Age (Pathway)",T 05:15 PM - 8pm,SCDI 4001,"Yang, Hoeseok",1.00,1
COEN 21L (59601),Logic Design Lab,"Design Thinking (Pathway), The Digital Age (Pathway)",W 05:15 PM - 8pm,SCDI 4001,"Yang, Hoeseok",1.00,1
COEN 196 (59538),Design Project III,"Design Thinking (Pathway), Partial Credit Arts, Partial Credit Civic Engagement",F 03:30 PM - 4:35pm,DALY 207,"Dezfouli, Behnam",2.00,84
COEN 196 (59539),Design Project III,"Design Thinking (Pathway), Partial Credit Arts, Partial Credit Civic Engagement",F 03:30 PM - 4:35pm,TBA,"Li, Xiang",2.00,9
COEN 196 (59540),Design Project III,"Design Thinking (Pathway), Partial Credit Arts, Partial Credit Civic Engagement",F 03:30 PM - 4:35pm,TBA,"Anastasiu, Dragos Constantin",2.00,4
COEN 196 (59548),Design Project III,"Design Thinking (Pathway), Partial Credit Arts, Partial Credit Civic Engagement",F 03:30 PM - 4:35pm,TBA,"Atkinson, Darren C",2.00,10
COEN 196 (59552),Design Project III,"Design Thinking (Pathway), Partial Credit Arts, Partial Credit Civic Engagement",F 03:30 PM - 4:35pm,TBA,"Eskafi, Farokh Hassanzadeh",2.00,10
COEN 196 (59562),Design Project III,"Design Thinking (Pathway), Partial Credit Arts, Partial Credit Civic Engagement",F 03:30 PM - 4:35pm,TBA,"Fang, Yi",2.00,6
COEN 196 (59565),Design Project III,"Design Thinking (Pathway), Partial Credit Arts, Partial Credit Civic Engagement",F 03:30 PM - 4:35pm,TBA,"Figueira, Silvia Maria B",2.00,None
COEN 196 (59576),Design Project III,"Design Thinking (Pathway), Partial Credit Arts, Partial Credit Civic Engagement",F 03:30 PM - 4:35pm,TBA,"Hsiao, Ihan",2.00,3
COEN 196 (59577),Design Project III,"Design Thinking (Pathway), Partial Credit Arts, Partial Credit Civic Engagement",F 03:30 PM - 4:35pm,TBA,"Musurlian, Angela Fontes",2.00,10
COEN 196 (59578),Design Project III,"Design Thinking (Pathway), Partial Credit Arts, Partial Credit Civic Engagement",F 03:30 PM - 4:35pm,TBA,"Kitts, Christopher A",2.00,9
COEN 196 (59588),Design Project III,"Design Thinking (Pathway), Partial Credit Arts, Partial Credit Civic Engagement",F 03:30 PM - 4:35pm,TBA,"Ling, Nam",2.00,9
COEN 196 (59608),Design Project III,"Design Thinking (Pathway), Partial Credit Arts, Partial Credit Civic Engagement",F 03:30 PM - 4:35pm,TBA,"Choi, Sean",2.00,None
COEN 196 (59609),Design Project III,"Design Thinking (Pathway), Partial Credit Arts, Partial Credit Civic Engagement",F 03:30 PM - 4:35pm,TBA,"Ackerman, Margareta",2.00,10
COEN 196 (59610),Design Project III,"Design Thinking (Pathway), Partial Credit Arts, Partial Credit Civic Engagement",F 03:30 PM - 4:35pm,TBA,"Dezfouli, Behnam",2.00,10
COEN 196 (60057),Design Project III,"Design Thinking (Pathway), Partial Credit Arts, Partial Credit Civic Engagement",F 03:30 PM - 4:35pm,TBA,"Liu, Ying",2.00,27
COEN 196 (60058),Design Project III,"Design Thinking (Pathway), Partial Credit Arts, Partial Credit Civic Engagement",F 03:30 PM - 4:35pm,TBA,"Lukoff, Kai",2.00,20
COEN 196 (60059),Design Project III,"Design Thinking (Pathway), Partial Credit Arts, Partial Credit Civic Engagement",F 03:30 PM - 4:35pm,TBA,"Kreminski, Max",2.00,28
COEN 196 (60060),Design Project III,"Design Thinking (Pathway), Partial Credit Arts, Partial Credit Civic Engagement",F 03:30 PM - 4:35pm,TBA,"Shang, Weijia",2.00,30
COMM 12 (58580),Technology and Communication,"Design Thinking (Pathway), The Digital Age (Pathway), Values Science Technology (Pathway), Science Technology & Society",MWF 09:15 AM - 10:20am,KENNA 107,"Pustelnik, Grant",4.00,None
COMM 12 (58591),Technology and Communication,"Design Thinking (Pathway), The Digital Age (Pathway), Values Science Technology (Pathway), Science Technology & Society",MWF 10:30 AM - 11:35am,KENNA 107,"Kis, Katalin",4.00,10
COMM 12 (58601),Technology and Communication,"Design Thinking (Pathway), The Digital Age (Pathway), Values Science Technology (Pathway), Science Technology & Society",MWF 11:45 AM - 12:50pm,KENNA 107,"Kis, Katalin",4.00,5
ECON 1 (59329),Principles of Microeconomics,"Design Thinking (Pathway), Sustainability (Pathway), Social Science",MWF 01:00 PM - 2:05pm,GRAHAM 163,"Huang, Hui",4.00,None
ECON 1 (59314),Principles of Microeconomics,"Design Thinking (Pathway), Sustainability (Pathway), Social Science",MWF 09:15 AM - 10:20am,LUCAS 306,"Cameron-Loyd, Patricia Jane",4.00,None
ECON 1 (59315),Principles of Microeconomics,"Design Thinking (Pathway), Sustainability (Pathway), Social Science",MWF 10:30 AM - 11:35am,LUCAS 306,"Cameron-Loyd, Patricia Jane",4.00,None
ECON 1 (59326),Principles of Microeconomics,"Design Thinking (Pathway), Sustainability (Pathway), Social Science",MWF 11:45 AM - 12:50pm,LUCAS 306,"Cameron-Loyd, Patricia Jane",4.00,None
ECON 1 (59331),Principles of Microeconomics,"Design Thinking (Pathway), Sustainability (Pathway), Social Science",TR 12:10 PM - 1:50pm,LUCAS 206,"Shin, Dongsoo",4.00,None
ECON 101 (59348),"Resources, Food & the Environ","Design Thinking (Pathway), Feeding the World (Pathway), Sustainability (Pathway)",MW 03:30 PM - 5:15pm,LUCAS 307,"Baker, Gregory A",5.00,None
ELEN 21 (59645),Introduction to Logic Design,"Design Thinking (Pathway), The Digital Age (Pathway)",TR 08:30 AM - 10:10am,SCDI 3302,"Chan, Donald",4.00,13
ELEN 21 (59644),Introduction to Logic Design,"Design Thinking (Pathway), The Digital Age (Pathway)",MWF 10:30 AM - 11:35am,SCDI 3116,"Tran, Dat Tien",4.00,None
ELEN 21 (59652),Introduction to Logic Design,"Design Thinking (Pathway), The Digital Age (Pathway)",TR 12:10 PM - 1:50pm,SCDI 3302,"Kyrarini, Maria",4.00,None
ELEN 21L (59637),Logic Design Lab,"Design Thinking (Pathway), The Digital Age (Pathway)",T 02:15 PM - 5pm,SCDI 4001,"Yang, Hoeseok",1.00,None
ELEN 21L (59647),Logic Design Lab,"Design Thinking (Pathway), The Digital Age (Pathway)",W 02:15 PM - 5pm,SCDI 4001,"Yang, Hoeseok",1.00,2
ELEN 21L (59654),Logic Design Lab,"Design Thinking (Pathway), The Digital Age (Pathway)",R 02:15 PM - 5pm,SCDI 4001,"Yang, Hoeseok",1.00,None
ELEN 21L (59660),Logic Design Lab,"Design Thinking (Pathway), The Digital Age (Pathway)",F 02:15 PM - 5pm,SCDI 4001,"Yang, Hoeseok",1.00,7
ELEN 21L (59646),Logic Design Lab,"Design Thinking (Pathway), The Digital Age (Pathway)",T 05:15 PM - 8pm,SCDI 4001,"Yang, Hoeseok",1.00,None
ELEN 21L (59653),Logic Design Lab,"Design Thinking (Pathway), The Digital Age (Pathway)",W 05:15 PM - 8pm,SCDI 4001,"Yang, Hoeseok",1.00,7
ELEN 196 (59635),Design Project III,"Design Thinking (Pathway), Partial Credit Arts, Partial Credit Civic Engagement",M 03:30 PM - 4:35pm,SCDI 3115,"Wolfe, Andrew",1.00,None
ELSJ 134 (59733),Seminr:Social Entrepreneurship,"Design Thinking (Pathway), Sustainability (Pathway)",TBA,ONLINE,"Faria, Jennifer Merritt",5.00,12
ELSJ 134 (60070),Seminr:Social Entrepreneurship,"Design Thinking (Pathway), Sustainability (Pathway), Experiential Learning for Social Justice",TBA,ONLINE,"Faria, Jennifer Merritt",5.00,12
ENGL 181 (58659),Engineering Communications,"Design Thinking (Pathway), Advanced Writing, Partial Credit Arts, Partial Credit Engineering, Math, CS",MWF 02:15 PM - 3:20pm,HEAFEY 225,"Hendricks, Jacquelyn Rose",4.00,None
ENGL 181 (59818),Engineering Communications,"Design Thinking (Pathway), Advanced Writing, Partial Credit Arts, Partial Credit Engineering, Math, CS",MWF 02:15 PM - 3:20pm,MDF 119,"Tarnoff, Maura Michelle",4.00,4
ENGL 181 (58656),Engineering Communications,"Design Thinking (Pathway), Advanced Writing, Partial Credit Arts, Partial Credit Engineering, Math, CS",W 03:30 PM - 6:30pm,GRAHAM 163,"Conefrey, Theresa C",4.00,None
ENGL 181 (58657),Engineering Communications,"Design Thinking (Pathway), Advanced Writing, Partial Credit Arts, Partial Credit Engineering, Math, CS",M 03:30 PM - 6:30pm,GRAHAM 163,"Conefrey, Theresa C",4.00,None
ENGL 181 (58660),Engineering Communications,"Design Thinking (Pathway), Advanced Writing, Partial Credit Arts, Partial Credit Engineering, Math, CS",TR 08:30 AM - 10:10am,OCONR 209,"Pfeiffer, Loring A",4.00,5
ENGL 181 (58658),Engineering Communications,"Design Thinking (Pathway), Advanced Writing, Partial Credit Arts, Partial Credit Engineering, Math, CS",MWF 11:45 AM - 12:50pm,HEAFEY 225,"Hendricks, Jacquelyn Rose",4.00,None
ENGR 19 (60084),Ethics in Technology L&L,"Design Thinking (Pathway), The Digital Age (Pathway), Ethics",M 01:00 PM - 2:05pm,BERGIN 116,"Moles, Kathryn Rose Sharie",4.00,None
ENGR 19 Lab (60085),Ethics in Technology L&L Lab,"Design Thinking (Pathway), The Digital Age (Pathway), Ethics",T 02:00 PM - 3:05pm,HEAFEY 125,"Moles, Kathryn Rose Sharie",N/A,None
ENGR 19 Lab (60086),Ethics in Technology L&L Lab,"Design Thinking (Pathway), The Digital Age (Pathway), Ethics",T 03:10 PM - 4:15pm,HEAFEY 125,"Moles, Kathryn Rose Sharie",N/A,None
ENGR 19 Lab (60088),Ethics in Technology L&L Lab,"Design Thinking (Pathway), The Digital Age (Pathway), Ethics",W 03:30 PM - 4:35pm,VARI 232,"Moles, Kathryn Rose Sharie",N/A,None
ENGR 19 Lab (60087),Ethics in Technology L&L Lab,"Design Thinking (Pathway), The Digital Age (Pathway), Ethics",T 04:25 PM - 5:30pm,BERGIN 214,"Moles, Kathryn Rose Sharie",N/A,None
ENGR 19 Lab (60089),Ethics in Technology L&L Lab,"Design Thinking (Pathway), The Digital Age (Pathway), Ethics",W 04:45 PM - 5:50pm,VARI 232,"Moles, Kathryn Rose Sharie",N/A,None
ENGR 19 Lab (60090),Ethics in Technology L&L Lab,"Design Thinking (Pathway), The Digital Age (Pathway), Ethics",W 06:00 PM - 7:05pm,VARI 232,"Moles, Kathryn Rose Sharie",N/A,None
ENGR 110 (59675),Community Based Engr. Design,"Design Thinking (Pathway), Sustainability (Pathway), Values Science Technology (Pathway), Civic Engagement",T 02:15 PM - 5pm,SCDI 3116,"Boylan-Ashraf, Anne (Peggy)",3.00,None
ENGR 141 (60091),Innovation Theology,"Design Thinking (Pathway), Religion Theology & Culture 2",TR 02:00 PM - 3:40pm,ALAM 102,"Vincent, Harry",4.00,None
ENGR 161 (59684),Cultures of Innovation,"Design Thinking (Pathway), Cultures and Ideas 3",TR 10:20 AM - 12pm,VARI 134,"Ji, Xiaoying",5.00,1
ENVS 180 (59917),Energy and the Environment,"Design Thinking (Pathway), Sustainability (Pathway), Values Science Technology (Pathway), Science Technology & Society",MW 03:30 PM - 5:15pm,LUCAS 308,"Hughes, Stephanie E",5.00,None
MECH 196 (59705),Advanced Design III: Comp/Ev,"Design Thinking (Pathway), Partial Credit Arts, Partial Credit Civic Engagement",MWF 11:45 AM - 12:50pm,SCDI 2302,"Tszeng, T. Calvin",3.00,7
MGMT 42 (59397),Leading from Triple Bottm Line,"Design Thinking (Pathway), Paradigm Shifts (Pathway), Sustainability (Pathway), Values Science Technology (Pathway)",MW 03:30 PM - 5:15pm,VARI 129,"Frontczak, Deirdre Mary Sheen",4.00,13
MGMT 110 (60035),Global Microfin for Entrep Dev,"Design Thinking (Pathway), Experiential Learning for Social Justice",MWF 10:30 AM - 11:35am,KENNA 104,"Le, Long S.",5.00,None
MGMT 164 (60036),Introduction to Entrepreneursh,"Design Thinking (Pathway), Vocation (Pathway)",MW 03:30 PM - 5:15pm,VARI 133,"Johnson, Christina Andrea",5.00,8
MGMT 173 (59398),"Resources, Food & the Environ","Design Thinking (Pathway), Feeding the World (Pathway), Sustainability (Pathway)",MW 03:30 PM - 5:15pm,LUCAS 307,"Baker, Gregory A",5.00,None
MGMT 175 (60039),Flourishing at Work,"Design Thinking (Pathway), Vocation (Pathway)",TR 03:50 PM - 5:30pm,LUCAS 306,"Sackett, Esther Erin",5.00,None
MGMT 177 (59399),Cultures of Innovation,"Design Thinking (Pathway), Cultures and Ideas 3",TR 10:20 AM - 12pm,VARI 134,"Ji, Xiaoying",5.00,1
OMIS 105 (59459),Database Management Systems,"Design Thinking (Pathway), The Digital Age (Pathway)",TR 03:50 PM - 5:30pm,LUCAS 310,"Wan, Xiang",5.00,None
OMIS 105 (59444),Database Management Systems,"Design Thinking (Pathway), The Digital Age (Pathway)",TR 12:10 PM - 1:50pm,KENNA 216,"Sahan, Nihal",5.00,None
OMIS 107 (59464),Systems Programming,"Design Thinking (Pathway), The Digital Age (Pathway)",TR 02:00 PM - 3:40pm,ONLINE,"Samorani, Michele",5.00,None
SOCI 184 (60021),Social Entrepreneurship,"Design Thinking (Pathway), Sustainability (Pathway), Experiential Learning for Social Justice",TBA,ONLINE,"Faria, Jennifer Merritt",5.00,12
SOCI 184 (60022),Social Entrepreneurship,"Design Thinking (Pathway), Sustainability (Pathway), Experiential Learning for Social Justice",TBA,ONLINE,"Faria, Jennifer Merritt",5.00,12
TESP 16 (60005),"Religion, Science and Ecology","Design Thinking (Pathway), Paradigm Shifts (Pathway), Sustainability (Pathway), Religion Theology & Culture 1",MWF 01:00 PM - 2:05pm,KENNA 218,"Schutz, Paul James",4.00,None
THTR 33 (59233),Stage Lighting,"Design Thinking (Pathway), Arts",MWF 01:00 PM - 2:05pm,FSPKR 1,"Palumbo, Michael",4.00,None
ANTH 185 (58391),Anthropologies: Latin America,"Feeding the World (Pathway), Cultures and Ideas 3",TR 10:20 AM - 12pm,HEAFEY 125,"Miranda, Veronica",5.00,1
BUSN 151B (59308),FHPE Immersion Reflection,"Feeding the World (Pathway), Sustainability (Pathway), Experiential Learning for Social Justice",TBA,TBA,"Baker, Gregory A",2.00,None
ECON 135 (59349),Gender Issues in Dev World,"Feeding the World (Pathway), Gender, Globalization & Empire (Pathway), Human Rights (Pathway)",TR 12:10 PM - 1:50pm,KENNA 304,"Kevane, Michael",5.00,11
ENVS 50 (58704),World Geography,"Feeding the World (Pathway), Sustainability (Pathway), Cultures and Ideas 3",MWF 10:30 AM - 11:35am,ALAM 102,"Gray, Leslie",4.00,None
ENVS 132 (59912),Agroecology L & L,"Feeding the World (Pathway), Sustainability (Pathway)",MWF 01:00 PM - 2:05pm,OCONR 109,"Kerr, Amber Catherine",5.00,2
ENVS 132 Lab (59913),Agroecology L & L Lab,"Feeding the World (Pathway), Sustainability (Pathway)",M 02:15 PM - 5pm,SCDI 3205,"Kerr, Amber Catherine",N/A,2
ENVS 155 (58710),Environmental & Food Justice,"Feeding the World (Pathway), Sustainability (Pathway), Experiential Learning for Social Justice",TR 03:50 PM - 5:30pm,OCONR 107,"Bacon, Christopher Manes",5.00,14
POLI 40 (59089),Politics of US Econ Policies,"Feeding the World (Pathway), Social Science",MWF 11:45 AM - 12:50pm,KENNA 105,"Faulve-Montojo, Kenneth Wilfred",4.00,17
WGST 121 (60127),Gender Issues in Dev World,"Gender, Globalization & Empire (Pathway), Human Rights (Pathway)",TR 12:10 PM - 1:50pm,KENNA 304,"Kevane, Michael",5.00,11
WGST 135 (60027),"Film, Gender & Globalization","Gender, Globalization & Empire (Pathway), Cultures and Ideas 3",MW 05:25 PM - 7:10pm,ONLINE,"Sharangpani, Mukta H",5.00,None
HIST 24 (60499),Sexually Transmitted Diseases,"Gender, Sexuality & the Body (Pathway), Values Science Technology (Pathway), Science Technology & Society",TR 03:50 PM - 5:30pm,HEAFEY 129,"Newsom Kerr, Matthew L.",4.00,1
HIST 124 (59924),Hist Sexually Trans Diseases,"Gender, Sexuality & the Body (Pathway), Values Science Technology (Pathway), Science Technology & Society",TR 03:50 PM - 5:30pm,HEAFEY 129,"Newsom Kerr, Matthew L.",5.00,1
WGST 140A (60888),Hist Sexually Trans Diseases,"Gender, Sexuality & the Body (Pathway), Values Science Technology (Pathway), Science Technology & Society",TR 03:50 PM - 5:30pm,HEAFEY 129,"Newsom Kerr, Matthew L.",5.00,1
WGST 149 (60131),Feminist Theologies,"Gender, Sexuality & the Body (Pathway), Religion Theology & Culture 3",TR 10:20 AM - 12pm,WALSH MULP,"Barros, Pearl Maria",5.00,None
HIST 122 (58758),The Holocaust,"Human Rights (Pathway), Paradigm Shifts (Pathway), Cultures and Ideas 3",TR 02:00 PM - 3:40pm,OCONR 103,"Specter, Matthew",5.00,None
ARAB 137 (58824),Arabic Culture and Society,"Islamic Studies (Pathway), Politics & Religion (Pathway), Race Place & Soc Inequalities (Pathway), Cultures and Ideas 3",MW 03:30 PM - 5:15pm,HEAFEY 125,"Kadalah, Mohammed",5.00,15
ARAB 171 (59934),The Quran as Literature,"Islamic Studies (Pathway), Religion Theology & Culture 2",MWF 01:00 PM - 2:05pm,HEAFEY 125,"Kadalah, Mohammed",5.00,14
SCTR 19 (59171),Religions of the Book,"Islamic Studies (Pathway), Religion Theology & Culture 1",MWF 11:45 AM - 12:50pm,DOWD 208,"Giddings, Janet M",4.00,15
ENGL 175EL (60479),Advanced Creative Nonfiction,"Justice and the Arts (Pathway), Experiential Learning for Social Justice",TR 02:00 PM - 3:40pm,KENNA 109,"McIsaac, Claudia M",5.00,None
ENGL 176 (58685),Creative Wrtg & Social Justice,"Justice and the Arts (Pathway), Sustainability (Pathway), Vocation (Pathway), Arts, Experiential Learning for Social Justice",TR 10:20 AM - 12pm,OCONR 201,"Harris, Kai",5.00,None
MUSC 133 (60141),Music in the Community,"Justice and the Arts (Pathway), Civic Engagement, Experiential Learning for Social Justice",R 03:50 PM - 7:20pm,MDF 106,"Furuta, Ray Mathew",5.00,None
THTR 189 (60024),Social Justice and the Arts,"Justice and the Arts (Pathway), Vocation (Pathway), Experiential Learning for Social Justice",TR 12:10 PM - 1:50pm,MAYER 231,"Thorstenson, Brian",5.00,None
ENGL 115 (59900),Argumentation,"Law & Social Justice (Pathway), Advanced Writing",TR 02:00 PM - 3:40pm,VARSI 231,"Billings, Simone Jacqueline",5.00,None
BUSN 196 (59283),Leadership Practicum,"Leading People, Org & Soc Chng (Pathway)",TBA,TBA,"Mains, William James",1.00,12
BUSN 196 (59305),Leadership Practicum,"Leading People, Org & Soc Chng (Pathway)",TBA,TBA,"Caffey, John Franklin",1.00,None
BUSN 196 (59306),Leadership Practicum,"Leading People, Org & Soc Chng (Pathway)",TBA,TBA,"Versteeg, Brenda Joyce",1.00,None
COEN 19 (59624),Discrete Mathematics,"Paradigm Shifts (Pathway), The Digital Age (Pathway)",MWF 01:00 PM - 2:05pm,OCONR 206,"Walden, Byron L",4.00,None
COEN 19 (59545),Discrete Mathematics,"Paradigm Shifts (Pathway), The Digital Age (Pathway)",MWF 02:15 PM - 3:20pm,SCDI 3302,"Grice, Joshua",4.00,None
COEN 19 (59546),Discrete Mathematics,"Paradigm Shifts (Pathway), The Digital Age (Pathway)",MWF 03:30 PM - 4:35pm,SCDI 3302,"Grice, Joshua",4.00,None
COEN 19 (59622),Discrete Mathematics,"Paradigm Shifts (Pathway), The Digital Age (Pathway)",MWF 10:30 AM - 11:35am,HEAFEY 122,"Jedlovec, Phillip James",4.00,None
COEN 19 (59623),Discrete Mathematics,"Paradigm Shifts (Pathway), The Digital Age (Pathway)",MWF 11:45 AM - 12:50pm,OCONR 206,"Walden, Byron L",4.00,None
HIST 97 (58756),War & Peace:Modern Middle East,"Paradigm Shifts (Pathway), Politics & Religion (Pathway), Cultures and Ideas 3",MWF 01:00 PM - 2:05pm,ALMSC 301,"Hanania, Marwan Daoud",4.00,3
MATH 51 (58810),Discrete Mathematics,"Paradigm Shifts (Pathway), The Digital Age (Pathway)",MWF 01:00 PM - 2:05pm,OCONR 206,"Walden, Byron L",4.00,None
MATH 51 (58784),Discrete Mathematics,"Paradigm Shifts (Pathway), The Digital Age (Pathway)",MWF 02:15 PM - 3:20pm,SCDI 3302,"Grice, Joshua",4.00,None
MATH 51 (58785),Discrete Mathematics,"Paradigm Shifts (Pathway), The Digital Age (Pathway)",MWF 03:30 PM - 4:35pm,SCDI 3302,"Grice, Joshua",4.00,None
MATH 51 (58794),Discrete Mathematics,"Paradigm Shifts (Pathway), The Digital Age (Pathway)",MWF 10:30 AM - 11:35am,HEAFEY 122,"Jedlovec, Phillip James",4.00,None
MATH 51 (58795),Discrete Mathematics,"Paradigm Shifts (Pathway), The Digital Age (Pathway)",MWF 11:45 AM - 12:50pm,OCONR 206,"Walden, Byron L",4.00,None
PHIL 19 (59963),Knowledge and Reality,"Paradigm Shifts (Pathway), Advanced Writing",MWF 02:15 PM - 3:20pm,CASA 7,"Sars, Nicholas J",4.00,22
TESP 50 (59183),Catholic Theology: Foundations,"Paradigm Shifts (Pathway), Religion Theology & Culture 2",MWF 04:45 PM - 5:50pm,KENNA 111,"Raby, Elyse",4.00,25
TESP 50 (59803),Catholic Theology: Foundations,"Paradigm Shifts (Pathway), Religion Theology & Culture 2",TR 12:10 PM - 1:50pm,CASA 8,"Schlesinger, Eugene Richard",4.00,2
TESP 124 (59186),Theology of Marriage,"Paradigm Shifts (Pathway), Religion Theology & Culture 3",TR 02:00 PM - 3:40pm,KENNA 102,"Vance-Trembath, Sally M",5.00,1
TESP 124 (59180),Theology of Marriage,"Paradigm Shifts (Pathway), Religion Theology & Culture 3",TR 10:20 AM - 12pm,BERGIN 116,"Vance-Trembath, Sally M",5.00,None
HIST 120 (58748),The Crusades,"Politics & Religion (Pathway), Religion Theology & Culture 2",MWF 11:45 AM - 12:50pm,OCONR 201,"Turley, Thomas P",5.00,1
ETHN 20 (60609),Intro to Latina/o/x Studies,"Race Place & Soc Inequalities (Pathway), Diversity",TR 12:10 PM - 1:50pm,VARI 128,"Sampaio, Anna Christina",4.00,None
CENG 115 (59515),Civil Engineering Materials,"Sustainability (Pathway), Values Science Technology (Pathway)",TR 10:20 AM - 12pm,SCDI 1308,"Nilsson, Tonya L",4.00,5
CENG 115L (59516),Civil Engineering Material Lab,"Sustainability (Pathway), Values Science Technology (Pathway)",R 02:15 PM - 5pm,ALAM 111,"Pachmayer, Karen",1.00,4
CENG 115L (59531),Civil Engineering Material Lab,"Sustainability (Pathway), Values Science Technology (Pathway)",T 02:15 PM - 5pm,ALAM 111,"Nilsson, Tonya L",1.00,1
CENG 140 (59501),Water Resources Engineering,"Sustainability (Pathway), Values Science Technology (Pathway)",MWF 01:00 PM - 2:05pm,SCDI 3116,"Doyle, Laura A",4.00,19
CENG 140L (59511),Water Resources Engr Lab,"Sustainability (Pathway), Values Science Technology (Pathway)",F 02:15 PM - 3:30pm,HEAFEY 202,"Doyle, Laura A",1.00,2
CENG 140L (60050),Water Resources Engr Lab,"Sustainability (Pathway), Values Science Technology (Pathway)",F 03:45 PM - 5pm,HEAFEY 202,"Doyle, Laura A",1.00,18
CENG 143 (59502),Environmental Engineering,"Sustainability (Pathway), Values Science Technology (Pathway)",MWF 10:30 AM - 11:35am,SCDI 1322,"Amirbahman, Aria",3.00,11
CENG 143L (59512),Environmental Engineering Lab,"Sustainability (Pathway), Values Science Technology (Pathway)",T 02:15 PM - 5pm,SCDI 1318,"Amirbahman, Aria",1.00,2
CENG 143L (59513),Environmental Engineering Lab,"Sustainability (Pathway), Values Science Technology (Pathway)",W 02:15 PM - 5pm,SCDI 1318,"Amirbahman, Aria",1.00,5
CHEM 103 (59849),Environmental Chemistry,"Sustainability (Pathway), Science Technology & Society",TR 10:20 AM - 12pm,SCDI 3116,"Shachter, Amy Marie",5.00,13
ENGR 1 (60071),Intro to Engineering,"Sustainability (Pathway), Science Technology & Society, Partial Credit Civic Engagement",W 01:00 PM - 2:05pm,SCDI 3302,"Boylan-Ashraf, Anne (Peggy)",1.00,20
ENGR 1 (59677),Intro to Engineering,"Sustainability (Pathway), Science Technology & Society, Partial Credit Civic Engagement",T 12:10 PM - 1:15pm,SCDI 1308,"Morusupalli, Raghavendra",1.00,None
ENGR 1 (59680),Intro to Engineering,"Sustainability (Pathway), Science Technology & Society, Partial Credit Civic Engagement",R 12:10 PM - 1:15pm,SCDI 1308,"Boylan-Ashraf, Anne (Peggy)",1.00,None
ENVS 23 Lab (58702),Introduction to Earth Systems Lab,"Sustainability (Pathway), Values Science Technology (Pathway)",T 02:15 PM - 5pm,SCDI 3205,"Baker, Jonathan",N/A,None
ENVS 23 Lab (58703),Introduction to Earth Systems Lab,"Sustainability (Pathway), Values Science Technology (Pathway)",R 02:15 PM - 5pm,SCDI 3205,"Baker, Jonathan",N/A,None
ENVS 23 (58701),Introduction to Earth Systems,"Sustainability (Pathway), Values Science Technology (Pathway)",TR 12:10 PM - 1:50pm,ALAM 102,"Baker, Jonathan",5.00,None
ENVS 79 (59908),Environmental Thought,"Sustainability (Pathway), Vocation (Pathway)",MWF 01:00 PM - 2:05pm,ALAM 102,"Grudin, Theodore Robert",4.00,None
ARTS 57 (60139),Digital Photography,"The Digital Age (Pathway), Arts",TR 02:00 PM - 4:20pm,DOWD 304,"Kaneko, Hiroyo",4.00,None
MUSC 57 (59957),Laptop Orchestra (SCLOrk),"The Digital Age (Pathway), Arts",TR 08:30 AM - 10:10am,MDF 231,"Ruviaro, Bruno Tucunduva",2.00,4
MUSC 157 (59959),Laptop Orchestra (SCLOrk),"The Digital Age (Pathway), Arts",TR 08:30 AM - 10:10am,MDF 231,"Ruviaro, Bruno Tucunduva",2.00,4
OMIS 34 (59764),"Science,Info Tech, Busn & Soc","The Digital Age (Pathway), Values Science Technology (Pathway), Science Technology & Society",MWF 02:15 PM - 3:20pm,LUCAS 310,"Tan, Xuan",4.00,None
OMIS 34 (59765),"Science,Info Tech, Busn & Soc","The Digital Age (Pathway), Values Science Technology (Pathway), Science Technology & Society",MWF 03:30 PM - 4:35pm,LUCAS 310,"Tan, Xuan",4.00,1
OMIS 34 (59445),"Science,Info Tech, Busn & Soc","The Digital Age (Pathway), Values Science Technology (Pathway), Science Technology & Society",MWF 08:00 AM - 9:05am,LUCAS 210,"Tan, Xuan",4.00,None
OMIS 34 (59442),"Science,Info Tech, Busn & Soc","The Digital Age (Pathway), Values Science Technology (Pathway), Science Technology & Society",MWF 09:15 AM - 10:20am,LUCAS 210,"Tan, Xuan",4.00,None
OMIS 34 (59435),"Science,Info Tech, Busn & Soc","The Digital Age (Pathway), Values Science Technology (Pathway), Science Technology & Society",TR 10:20 AM - 12pm,LUCAS 209,"Sur, Sumana",4.00,None
OMIS 34 (59449),"Science,Info Tech, Busn & Soc","The Digital Age (Pathway), Values Science Technology (Pathway), Science Technology & Society",MWF 11:45 AM - 12:50pm,LUCAS 209,"Tan, Xuan",4.00,None
OMIS 34 (59433),"Science,Info Tech, Busn & Soc","The Digital Age (Pathway), Values Science Technology (Pathway), Science Technology & Society",TR 12:10 PM - 1:50pm,LUCAS 209,"Sur, Sumana",4.00,None
ANTH 2 Lab (58389),Intro to Archaeology Lab,"Values Science Technology (Pathway), Social Science",W 02:15 PM - 5:15pm,ALMSC 155,"Anderson, Nathan",N/A,None
ANTH 2 (58388),Intro to Archaeology,"Values Science Technology (Pathway), Social Science",MWF 08:00 AM - 9:05am,CASA 3,"Anderson, Nathan",4.00,None
ANTH 132 (58397),Paleoanthropology,"Values Science Technology (Pathway), Science Technology & Society",MWF 02:15 PM - 3:20pm,ALAM 108,"Casareto, Ana",5.00,21
BIOL 117 (58432),Epidemiology L&L,"Values Science Technology (Pathway), Science Technology & Society",MWF 01:00 PM - 2:05pm,SCDI 3301,"Arcara, Jennet",5.00,None
BIOL 117 Lab (58433),Epidemiology L&L Lab,"Values Science Technology (Pathway), Science Technology & Society",M 02:15 PM - 5pm,ALMSC 256,"Arcara, Jennet",N/A,None
BIOL 117 Lab (59781),Epidemiology L&L Lab,"Values Science Technology (Pathway), Science Technology & Society",W 02:15 PM - 5pm,ALMSC 256,"Arcara, Jennet",N/A,None
COMM 113 (58615),"Communication,the Body,&Health","Values Science Technology (Pathway), Science Technology & Society",TR 02:00 PM - 3:40pm,KENNA 111,"Boren, Justin Peter",5.00,None
NEUR 1 (60483),Intro to Neuroscience,"Values Science Technology (Pathway), Science Technology & Society",MWF 09:15 AM - 10:20am,ALMSC 220,"Atzori, Marco",4.00,None
PHSC 1 (59028),Introduction to Public Health,"Values Science Technology (Pathway), Science Technology & Society",MW 05:25 PM - 7:10pm,KENNA 218,"Crespi, Shelby",4.00,9
PHSC 1 (59798),Introduction to Public Health,"Values Science Technology (Pathway), Science Technology & Society",TR 12:10 PM - 1:50pm,KENNA 212,"Parker, Michele T",4.00,None
PHSC 100 (59026),Epidemiology L&L,"Values Science Technology (Pathway), Science Technology & Society",MWF 01:00 PM - 2:05pm,SCDI 3301,"Arcara, Jennet",5.00,None
PHSC 100 Lab (59027),Epidemiology L&L Lab,"Values Science Technology (Pathway), Science Technology & Society",M 02:15 PM - 5pm,ALMSC 256,"Arcara, Jennet",N/A,None
PHSC 100 Lab (59799),Epidemiology L&L Lab,"Values Science Technology (Pathway), Science Technology & Society",W 02:15 PM - 5pm,ALMSC 256,"Arcara, Jennet",N/A,None
RSOC 99 (59998),Sociology of Religion,"Values Science Technology (Pathway), Experiential Learning for Social Justice, Religion Theology & Culture 2",M 06:00 PM - 9:05pm,KENNA 104,"Moles, Kathryn Rose Sharie",4.00,None
SOCI 120 (60015),Survey Research & Stats Analys,"Values Science Technology (Pathway), Science Technology & Society",TR 12:10 PM - 1:50pm,GRAHAM 164,"Di, Di",5.00,15
ENGL 72 (58673),Poetry Writing,"Vocation (Pathway), Arts",TR 05:40 PM - 7:20pm,DOWD 302,"Tremblay-McGaw, Robin J",4.00,None
ENGL 73 (58655),Life Writing,"Vocation (Pathway), Advanced Writing, Arts",MW 05:25 PM - 7:10pm,VARSI 231,"Levantovskaya, Margarita",4.00,None
ENGL 162 (59904),Literature and Religion,"Vocation (Pathway), Religion Theology & Culture 2",TR 05:40 PM - 7:20pm,ALAM 105,"Velasco-Moreno, Juan",5.00,15
RSOC 106 (59160),Zen in Theory and Practice,"Vocation (Pathway), Religion Theology & Culture 3",TR 03:50 PM - 5:30pm,WALSH MULP,"Tamayo-Moraga, Sarita Stella",5.00,None
CHST 100 (58568),Advanced Writing for Research,"Advanced Writing, Social Science",TR 12:10 PM - 1:50pm,WALSH MULP,"Solomon, Brett Johnson",5.00,None
ENGL 113EL (58662),Writing Ctr Theory & Practice,"Advanced Writing, Experiential Learning for Social Justice",TR 03:50 PM - 5:30pm,OCONR 201,"Krane, Denise K",5.00,None
POLI 140 (59108),Poli & Develop in Global South,"Cultures and Ideas 3, Social Science",TR 08:30 AM - 10:10am,KENNA 212,"Gordon, Dennis R",5.00,8
ANTH 3 (58386),Intro to Cultural Anthropology,"Experiential Learning for Social Justice, Social Science",MWF 10:30 AM - 11:35am,ALAM 103,"Anderson, Ryan Bruce",4.00,None
CENG 194 (59503),Design Project Communication,"Partial Credit Arts, Partial Credit Civic Engagement",TBA,TBA,"Abbott, Tracy S",1.00,31
CENG 194 (59504),Design Project Communication,"Partial Credit Arts, Partial Credit Civic Engagement",TBA,TBA,"Doyle, Laura A",1.00,6
CENG 194 (59505),Design Project Communication,"Partial Credit Arts, Partial Credit Civic Engagement",TBA,TBA,"Segura, Rocio Lilen",1.00,7
CENG 194 (59507),Design Project Communication,"Partial Credit Arts, Partial Credit Civic Engagement",TBA,TBA,"He, Rong",1.00,5
CENG 194 (59514),Design Project Communication,"Partial Credit Arts, Partial Credit Civic Engagement",TBA,TBA,"Serrette, Reynaud L",1.00,5
CENG 194 (59528),Design Project Communication,"Partial Credit Arts, Partial Credit Civic Engagement",TBA,TBA,"Singh, Sukhmander",1.00,7
CENG 194 (59529),Design Project Communication,"Partial Credit Arts, Partial Credit Civic Engagement",TBA,TBA,"Amirbahman, Aria",1.00,7
CENG 194 (59530),Design Project Communication,"Partial Credit Arts, Partial Credit Civic Engagement",TBA,TBA,"Said, Hisham M",1.00,5
CENG 194 (59532),Design Project Communication,"Partial Credit Arts, Partial Credit Civic Engagement",TBA,TBA,"Pachmayer, Karen",1.00,10
CENG 194 (60688),Design Project Communication,"Partial Credit Arts, Partial Credit Civic Engagement",TBA,TBA,"Pachmayer, Karen",1.00,30
CENG 194 (60689),Design Project Communication,"Partial Credit Arts, Partial Credit Civic Engagement",TBA,TBA,"Pachmayer, Karen",1.00,30
PHYS 103 (59059),Numerical Methods in Physics,"Partial Credit Engineering, Math, CS",MWF 09:15 AM - 10:20am,SCDI 2301,"Ramon, Guy",5.00,8
